<?xml version="1.0" encoding="UTF-8"?>
<beans xmlns="http://www.springframework.org/schema/beans"
	xmlns:xsi="http://www.w3.org/2001/XMLSchema-instance" xmlns:context="http://www.springframework.org/schema/context"
	xsi:schemaLocation="http://www.springframework.org/schema/beans 
	http://www.springframework.org/schema/beans/spring-beans-4.0.xsd
	http://www.springframework.org/schema/context 
	http://www.springframework.org/schema/context/spring-context-3.1.xsd">

	<context:annotation-config />

	<bean id="Guitar" class="Classes.Guitar"></bean>
	<bean id="Flute" class="Classes.Flute"></bean>
	<bean id="Saxophone" class="Classes.Saxophone"></bean>
	
	<bean id="oneManBand" class="Classes.OneManBand">
		<property name="instruments">
		<list>
		<value>Flute</value>
		<value>Guitar</value>
		<value>Saxophone</value>
		</list>
		</property>
	</bean>

</beans>